{
    "fx": 523.4490356445312,
    "fy": 523.4490356445312,
    "cx": 648.7750854492188,
    "cy": 359.3062438964844,
    "k1": 0.0,
    "k2": 0.0,
    "p1": 0.0,
    "p2": 0.0,
    "k3": 0.0,
    "image_scale_x": 1.0,
    "image_scale_y": 1.0
}